File,Gamma,G_edges,LS,varLS
gen_rollernet,4,5810.445,282.554,3676880.98545
gen_rollernet,5,4957.571,242.821,3129360.893909
gen_rollernet,6,2981.795,150.452,1490790.947347
